Id, Name, Cites, Size, Color, Type
7003611288, Gómez-Guillen María Carmen, 2572, 5000, ORANGE, PERSON
7005998786, Montero María Pilar, 2440, 4000, ORANGE, PERSON
35607315000, José do Amaral Sobral Paulo, 2212, 3000, ORANGE, PERSON
57191605505, Gómez-Estaca Joaquín, 1621, 2000, ORANGE, PERSON
57191601241, Vicente António A., 1586, 1000, RED, PERSON
7006194463, Chiralt Amparo, 1381, 1000, RED, PERSON
14039835700, Vargas Maria, 1195, 1000, RED, PERSON
57203910389, Cerqueira Miguel A., 1141, 1000, RED, PERSON
23977886600, Flores Silvia K., 1128, 1000, RED, PERSON
7005041365, Gerschenson Lía Noemí, 1125, 1000, RED, PERSON
15925973400, Rezaei Masoud, 929, 1000, RED, PERSON
6602759886, Abugoch Lilian, 922, 1000, RED, PERSON
7003541892, Tapia Cristian, 922, 1000, RED, PERSON
14019182600, Avena-Bustillos Roberto J., 910, 1000, RED, PERSON
7102969077, Campos Carmen A., 904, 1000, RED, PERSON
36902630800, Bonilla Jeannine, 900, 1000, RED, PERSON
54681826100, Farahmandghavi Farhid, 875, 1000, RED, PERSON
6506439753, Zandi Mojgan, 875, 1000, RED, PERSON
24474760300, Hosseini Seyed Fakhreddin, 875, 1000, RED, PERSON
7005763990, Mattoso Luiz Henrique C., 847, 1000, RED, PERSON
7003985688, Elsabee M.Z., 839, 1000, RED, PERSON
7007165044, McHugh Tara H., 829, 1000, RED, PERSON
22978615000, Abdou Entsar S., 827, 1000, RED, PERSON
6603396283, Menegalli F.C., 817, 1000, RED, PERSON
35497138000, Aiba S., 800, 1000, RED, PERSON
7203022173, Nakayama A., 800, 1000, RED, PERSON
7004956959, Arvanitoyannis I., 800, 1000, RED, PERSON
7004607719, Nasri Moncef, 799, 1000, RED, PERSON
35892704700, Carvalho Rosemary A., 795, 1000, RED, PERSON
7005915405, Mu Changdao, 764, 1000, RED, PERSON
57194614861, Li Defu, 764, 1000, RED, PERSON
54386925600, Li Xinying, 764, 1000, RED, PERSON
6602264773, Elvira Lopez-Caballero M., 761, 1000, RED, PERSON
24721365800, González-Martínez Chelo, 755, 1000, RED, PERSON
13402823200, Teixeira José A., 743, 1000, RED, PERSON
23976265000, Giménez B., 711, 1000, RED, PERSON
6701540576, Coma Véronique, 705, 1000, RED, PERSON
7004127474, Grosso Carlos R.F., 686, 1000, RED, PERSON
6507667256, Di Pierro Próspero, 656, 1000, RED, PERSON
23098548200, Zhong Fang, 637, 1000, RED, PERSON
25821852000, Atarés L., 626, 1000, RED, PERSON
8378384300, Porta Raffaele, 626, 1000, RED, PERSON
37057344600, Jridi Mourad, 623, 1000, RED, PERSON
25655018700, López de Lacey A.M., 615, 1000, RED, PERSON
6602088532, Marcovich N.E., 591, 1000, RED, PERSON
23051612100, Pereda M., 591, 1000, RED, PERSON
8873063200, de Moura Márcia Regina, 588, 1000, RED, PERSON
57213758416, Akhtar Naseem, 572, 1000, RED, PERSON
16835786300, Zia Khalid Mahmood, 572, 1000, RED, PERSON
15055877400, Hussain Abdullah Ijaz, 572, 1000, RED, PERSON